Usuario,Pelicula,Rating,password
_mariasd,Mean Girls,5,weQASDas
30neto,Couples Retreat,4.3,sdffwsd
99morgan,OtherLife,4.9,asdasd
aaronlb,The Fate of the Furious,3.5,1213
abrilJun,Apostle,3.9,ejijflaw
alisaGo,Godzilla vs Kong,3,dfasd
alisaGo,Joker,2.1,adga32
anagab2912,How to Train Your Dragon,3.4,3513
andles,Descendants,4.3,324342
andreabar_,Identity Thief,1.1,4534
andresV4,Voyagers,1.8,35dsd
anikaVidal,Division 19,1.9,fdas
anixe,Sharknado,3.9,sfr224
AriasErnesto,Tenet,4,3q23wdr
ashgerard,Escape Room,4.6,dsfq2
ashleyTobar,Alien,3.7,3234
augustos,Tenet,3.4,ewea
barriosA22,Passengers,5,wdfw
belumnt,Salting the Battlefield,2.8,dfasd
bochi99,A Walk to Remember,3.2,4535
brandon_c,Grown Ups,3.4,35dsd
calvillogabriela,Monsters Inc.,5,fdas
carloseq,Cadaver,4.6,sfr225
cecibeltranena,Nerve,4.7,3q23wdr
charles,Code 8,4.4,dsfq3
chinagom,Dont blame the child,1.5,3235
chriscab,Friends with Benefits,3.7,ewea
chrissagas,High School Musical,3.5,wdfw
churly,An Inspector Calls,3.3,dfasd
cielo_dl,Pride and Prejudice,4.8,4536
conde_r,The Perfect Date,4.6,35dsd
danigz,The Paramedic,4.1,fdas
emilyj3,Here Today,3.7,sfr226
eric33,Mission Impossible Fallout,4.3,3q23wdr
ernesto45,Jigsaw,2.8,dsfq4
EsterValdillo,The Exorcism of Emily Rose,4.6,3236
estin.natalia,A Walk to Remember,3.5,ewea
estrada_ed,The Secret Life of Pets,2.4,wdfw
felipecout,The Silence of The Lambs,3.9,dfasd
fernand1,Boyka,4.5,4537
fernandol,The Kissing Booth,5,35dsd
gabyya,Desperation,4.6,fdas
geangel,If I Stay,5,sfr227
giordano33,1917,3.2,3q23wdr
gomezflor2942,Forrest Gump,5,dsfq5
hamletmillian,The Wedding Date,4.9,3237
helmutag,First Man,4.6,ewea
hernandez_17,Easy A,4.2,wdfw
hugoe,Transformers,2.9,dfasd
ivan3,Mortal Kombat,4.4,4538
ivanos,The Last Skarknado: Its About Time,3.1,35dsd
jacobp,The Bad Seed,5,fdas
JaimeAndres,The Shawshank Redemption,4.5,sfr228
jake4,The Unholy,3,3q23wdr
javijv,Deep Blue Sea,2.3,dsfq6
JimEzequiel,Eternal Sunshine of the Spotless Mind,4.3,3238
jjrodriguez,The Devil Wears Prada,3.6,ewea
JorgeAnibal,Justice Is Mind,1.8,wdfw
joseJuan,Terminator 2: Judgement Day,4.6,dfasd
josephqs,Crawl,3.8,4539
joshr,Believe Me: The Abduction of Lisa McVey,4.7,35dsd
joshualpd,Limitless,4.9,fdas
jsvall,Star Wars Episode VIII - The Last Jedi,5,sfr229
juan15,Sharknado 5: Global Swarming,3.6,3q23wdr
juanCe,Skyscraper,3.8,dsfq7
juaniis,House of the Witch,4.1,3239
juanje,Things Heard and Seen,4.7,ewea
juliadance,500 Days of Summer,3.7,wdfw
kaitlynl4,Descendants 2,5,dfasd
keganop,John Wick: Chapter 3 - Parabellum,5,4540
laila3013,Unaired Game of Thromes Prequel Pilot,3.6,35dsd
laurenp,Ewoks: The Battle for Endor,3.7,fdas
leo21,Thor,3.4,sfr230
leo457,The Dark Knight,4.1,3q23wdr
lubyrbatres,Bridesmaids,2.1,dsfq8
mafA,Thunder Force,4,3240
maferardon,Lucy,3.8,ewea
mafergusa,Megalodon,2.8,wdfw
mararg39,The Last Song,4.1,dfasd
marinape,10 Things I Hate About You,3.9,4541
mariobb2,Kingsman,4.1,35dsd
marioguerr,Sky High,3.5,fdas
marxix,Men in Black: International,2.1,sfr231
marxr,The Saint,4.4,3q23wdr
mateocruz,Titanic,1.9,dsfq9
MatiAs,Stowaway,2.3,3241
meneses10,Up,4.1,ewea
mfernandawo,Inception,1.5,wdfw
mgalindo,Andhadhun,3.4,dfasd
miguelsa,Thruth or Dare,3.8,4542
mikeav,Last Man Standing,4.2,35dsd
miriam_d,Five Feet Apart,2.9,fdas
mombisqq,Haunt,2.3,sfr232
Natmarro,Twelve Years a Slave,2.7,3q23wdr
nicobal,Slenderman,4.4,dsfq10
NicoSalc,Pans Labryrinth,3.5,3242
nohaq,Underwater,3.5,ewea
oscarh,The Selection,3.3,wdfw
osorio_and,To All the Boys Ive Loved Before,2.8,dfasd
owolke10,Le Mans 66,4.1,4543
paizpablo,The Butterfly Effect,3.2,35dsd
pedroaf,The Tomorrow War,1.3,fdas
pedroArri,365 Days,3.5,sfr233
pedroasi,47 Meters Down: Uncaged,1.9,3q23wdr
perezsosa,Venom,4.1,dsfq11
phineas_p,Extinction,2.5,3243
pietrovv,The Missiles of October,3.5,ewea
pinedaericka,The Fault in Our Stars,4.8,wdfw
pjrodriguez,Aquaman,4.5,dfasd
rargueta,Mad Max: Fury Road,5,4544
rebessmi,Murder on the Home Front,4.6,35dsd
reneoh,Iron Man 3,4.6,fdas
RobertoC,Bride of Chucky,2.8,sfr234
rochiw33,Todos Caen,4,3q23wdr
rogerspam,Jurassic World,3.6,dsfq12
rosasofi,Wild Child,4.9,3244
rperezj,Me Before You,3.7,ewea
sean1,The Gentlemen,3.2,wdfw
sebasbarah,Everything Everything,4.3,dfasd
selena96,Locas por el Cambio,2.9,4545
skacuc,Letters to Juliet,4.8,35dsd
SofiSolis,Nomadland,3.5,fdas
solcorado,Interstellar,4.9,sfr235
taguilar211,Logan,4.7,3q23wdr
taylorfg,Line of Duty,4.3,dsfq13
valelaf,The First Purge,2.7,3245
velezmarcela,The Break-Up,4.1,ewea
victorgil,The Notebook,4.8,wdfw
visdan,Dont Go Breaking My Heart,3.1,dfasd
wicho10,The Perks of Being a Wallflower,4.1,4546
willy4,Fast & Furious: Hobbs and Shaw,4.3,35dsd
xime_p,The Great Gatsby,2.5,fdas
ximeCarr,CSI: Immortality,2.2,sfr236
zarmendez,How to Be Single,4.9,3q23wdr
